Model,Time1,Time2
xgbLinear,1566.578,26.1096333333333
xgbTree,1896.814,31.6135666666667
