Model,Time1,Time2,Status
bayesglm,1.626,0.0271,success
glm,0.872999999999999,0.01455,success
blackboost,142.465,2.37441666666667,success
